question_id,question,reference,llm_only,llm_rag,time_llm,time_rag,top1_source
1,What is the purpose of the Nmfaf_3daDataManagement_Deconfigure service operation? [3GPP Release 18],To configure the MFAF to map data or analytics received by the MFAF to out-bound notification endpoints. ,What is the purpose of the Nmfaf_3daDataManagement_Deconfigure service operation? [3GPP Release 18] Answer: What is the purpose of the Nmfaf_3daDataManagement_Deconfigure service operation? [3GPP Release 18] Answer: What is the purpose of the Nmfaf_3daDataManagement_Deconfigure service operation? [3GPP Release 18] Answer: What is the purpose of the N,0.  | Question: What is the purpose of the Nmfaf_3daDataManagement_Deconfigure service operation? [3GPP Release 18] Answer: 0.  | Question: What is the purpose of the Nmfaf_3daDataManagement_Deconfigure service operation? [3GPP Release 18] Answer: 0.  | Question: What is the purpose of the Nmfaf_3daDataManagement_Deconfigure service,9.24,7.87,Standards specifications
2,Which non-orthogonal multiple access scheme utilizes the low-complexity message passing algorithm at the receiver for user data detection?,MUST. ,Yes.,1.  | Question: Which non-orthogonal multiple access scheme utilizes the low-complexity message passing algorithm at the receiver for user data detection? Answer: 1.  | Question: Which non-orthogonal multiple access scheme utilizes the low-complexity message passing algorithm at the receiver for user data detection? Answer: 1.  | Question: Which non-orthogonal multiple access scheme utilizes the low-complexity message passing algorithm at the receiver for user data detection?,6.55,7.28,Research publications
3,What is the diversity gain for the detection of each symbol in the Alamouti scheme?,4. ,The number of symbols in the Alamouti scheme is approximately 1.5 million. The number of symbols in the Alamouti scheme is approximately 1.5 million. The number of symbols in the Alamouti scheme is approximately 1.5 million. The number of symbols in the Alamouti scheme is approximately 1.5 million. The number of symbols in the Alamouti scheme is approximately 1.5 million. The number of symbols in the Alamouti scheme is approximately 1.5,1.  | Question: What is the main motivation for using diversity techniques in communication over fading channels? Answer: 1.  | Question: What is the main motivation for using diversity techniques in communication over fading channels? Answer: 1.  | Question: What is the main motivation for using diversity techniques in communication over fading channels? Answer: 1.  | Question: What is the main motivation for using diversity techniques in communication over fading channels? Answer: 1.  | Question: What is,8.62,7.27,Research publications
4,When are devices required to send the GTS Request command? [IEEE 802.15.4],Only devices capable of sending it. ,When are devices required to send the GTS Request command? [IEEE 802.15.4] Answer: When are devices required to send the GTS Request command? [IEEE 802.15.4] Answer: When are devices required to send the GTS Request command? [IEEE 802.15.4] Answer: When are devices required to send the GTS Request command? [IEEE 802.15.4] Answer: When are devices required to send the G,3.  | Question: What is the maximum number of GTS descriptors that can be maintained? [IEEE 802.15.4] Answer: 4.  | Question: What is the maximum number of GTS descriptors that can be maintained? [IEEE 802.15.4] Answer: 5.  | Question: What is the maximum number of GTS descriptors that can be maintained? [IEEE 802.15.4] Answer: 6.  |,5.69,5.89,Standards specifications
5,How does a supporting UE attach to the same core network operator from which it detached in a shared network? [3GPP Release 17],It requests the core network node to remember its previous selection.. ,How does a supporting UE attach to the same core network operator from which it detached in a shared network? [3GPP Release 17] Answer: How does a supporting UE attach to the same core network operator from which it detached in a shared network? [3GPP Release 17] Answer: How does a supporting UE attach to the same core network operator from which it detached in a shared network? [3GPP Release 17] Answer: How does a supporting UE attach to the same core,1.  | Question: How does a non-supporting UE select a core network operator to serve it in a shared network? [3GPP Release 17] Answer: 1.  | Question: How does a non-supporting UE select a core network operator to serve it in a shared network? [3GPP Release 17] Answer: 1.  | Question: How does a non-supporting UE select a core network operator to serve it in a shared network? [,6.82,7.71,Standards specifications
6,What are the extreme points of the family of Regenerating Codes?,MRB point and MSR point. ,What are the extreme points of the family of Regenerating Codes? Answer: What are the extreme points of the family of Regenerating Codes? Answer: What are the extreme points of the family of Regenerating Codes? Answer: What are the extreme points of the family of Regenerating Codes? Answer: What are the extreme points of the family of Regenerating Codes? Answer: What are the extreme points of the family of Regenerating Codes? Answer: What are the extreme points of the family of Regener,2.  | Question: What are the extreme points of the family of Regenerating Codes? Answer: 3.  | Question: What are the extreme points of the family of Regenerating Codes? Answer: 4.  | Question: What are the extreme points of the family of Regenerating Codes? Answer: 5.  | Question: What are the extreme points of the family of Regenerating Codes? Answer: 6.  | Question: What are the extreme points of the family of Regener,6.0,6.88,Research overview
7,What is the typical coverage range of LPWANs (Low-Power Wide Area Networks) in urban areas?,A few meters. ,What is the typical coverage range of LPWANs (Low-Power Wide Area Networks) in urban areas? Answer: What is the typical coverage range of LPWANs (Low-Power Wide Area Networks) in urban areas? Answer: What is the typical coverage range of LPWANs (Low-Power Wide Area Networks) in urban areas? Answer: What is the typical coverage range of LPWANs (Low-Power Wide Area Networks) in urban areas? Answer:,0.,7.09,6.99,Research publications
8,What is one of the use cases of SDN (Software Defined Networking) in satellite networks?,0. ,"Yes, it is a common practice for satellite operators to use SDN (Software Defined Networking) in satellite networks. The use of SDN is not limited to satellite operators. The use of SDN is not limited to satellite operators. The use of SDN is not limited to satellite operators. The use of SDN is not limited to satellite operators. The use of SDN is not limited to satellite operators. The use of SDN is not limited to satellite operators. The use of",2.  Question: What is the benefit of SDN (software defined networking) in C-RANs (cloud radio access networks)? Answer: 3.  Question: What is the benefit of SDN (software defined networking) in C-RANs (cloud radio access networks)? Answer: 4.  Question: What is the benefit of SDN (software defined networking) in C-RANs (cloud radio access networks)? Answer: 5.  Question: What is,5.63,5.88,Research overview
9,What is the primary concern of proposals aiming to improve system performance with QoS/power constraints in underlaying D2D (Device-to-Device) communications?,0. ,What is the primary concern of proposals aiming to improve system performance with QoS/power constraints in underlaying D2D (Device-to-Device) communications? Answer: What is the primary concern of proposals aiming to improve system performance with QoS/power constraints in underlaying D2D (Device-to-Device) communications? Answer: What is the primary concern of proposals aiming to improve system performance with QoS/power constraints in underlaying D2D (Device-,2.  Question: What is the primary concern of proposals aiming to improve system performance with QoS/power constraints in underlaying D2D (Device-to-Device) communications? Answer: 2.  Question: What is the primary concern of proposals aiming to improve system performance with QoS/power constraints in underlaying D2D (Device-to-Device) communications? Answer: 2.  Question: What is the primary concern of proposals aiming to improve system performance with,5.65,6.91,Research overview
10,What does the acronym VPN stand for?,Voice Packet Network. ,What does the acronym VPN stand for? Answer: What does the acronym VPN stand for? Answer: What does the acronym VPN stand for? Answer: What does the acronym VPN stand for? Answer: What does the acronym VPN stand for? Answer: What does the acronym VPN stand for? Answer: What does the acronym VPN stand for? Answer: What does the acronym VPN stand for? Answer: What does the acronym VPN stand for? Answer: What does the acronym VPN stand for? Answer:,4.  | Question: What does the acronym VPN stand for in the context of networking? Answer: 5.  | Question: What does the acronym VPN stand for in the context of networking? Answer: 6.  | Question: What does the acronym VPN stand for in the context of networking? Answer: 7.  | Question: What does the acronym VPN stand for in the context of networking? Answer: 8.  | Question: What does the acronym VPN stand for in the context,5.61,6.08,Lexicon
