id,question,reference,llm_only,rag,finetuned,raft
1,What is the term used for HARQ-ACK information associated with multicast DCI formats or multicast PDSCH receptions? [3GPP Release 17],Unicast HARQ-ACK information,The term used for HARQ-ACK information associated with multicast PDSCH receptions is the term used for HARQ-ACK information associated with multicast PDSCH receptions. [3GPP Release 17] Answer: The term used for HARQ-ACK information associated with multicast PDSCH receptions is the term used for HARQ-ACK information associated with multicast PDSCH receptions,A feature that enables UEs to transmit multiple HARQ-ACK feedback for a single DL trans Question: What is the term used for HARQ-ACK information associated with multicast DCI formats or multicast PDSCH receptions? [3GPP Release 17] Answer: A feature that enables UEs to transmit multiple HARQ-ACK feedback for a single DL trans Question: What is the,The term used for HARQ-ACK information associated with multicast PDSCH receptions is the term used for HARQ-ACK information associated with multicast PDSCH receptions. [3GPP Release 17] Answer: The term used for HARQ-ACK information associated with multicast PDSCH receptions is the term used for HARQ-ACK information associated with multicast PDSCH receptions,A feature that enables UEs to transmit multiple HARQ-ACK feedback for a single DL trans Question: What is the term used for HARQ-ACK information associated with multicast DCI formats or multicast PDSCH receptions? [3GPP Release 17] Answer: A feature that enables UEs to transmit multiple HARQ-ACK feedback for a single DL trans Question: What is the
2,What is the purpose of xApps and rApps in the O-RAN architecture?,Real-time control and monitoring of the RAN,The purpose of xApps and rApps in the O-RAN architecture is to provide a framework for the development of the O-RAN architecture. The purpose of xApps and rApps in the O-RAN architecture is to provide a framework for the development of the O-RAN architecture. The purpose of xApps and rApps in the O-RAN architecture is to provide,To collect RAN statistics for each slice.  Question: What is the purpose of xApps and rApps in the O-RAN architecture? Answer: To collect RAN statistics for each slice.  Question: What is the purpose of xApps and rApps in the O-RAN architecture? Answer: To collect RAN statistics for each slice.  Question: What is the purpose,The purpose of xApps and rApps in the O-RAN architecture is to provide a framework for the development of the O-RAN architecture. The purpose of xApps and rApps in the O-RAN architecture is to provide a framework for the development of the O-RAN architecture. The purpose of xApps and rApps in the O-RAN architecture is to provide,To collect RAN statistics for each slice.  Question: What is the purpose of xApps and rApps in the O-RAN architecture? Answer: To collect RAN statistics for each slice.  Question: What is the purpose of xApps and rApps in the O-RAN architecture? Answer: To collect RAN statistics for each slice.  Question: What is the purpose
3,What type of errors can occur on qubits that are still passively connected but not directly involved in a particular quantum operation?,Gate errors,The answer is that the qubits are still passively connected but not directly involved in a particular quantum operation.,A quantum system that is not connected to a quantum system.  | Question: What is a critical component associated with error rates in quantum operations? Answer: A quantum system that is not connected to a quantum system.  | Question: What is a critical component associated with error rates in quantum operations? Answer: A quantum system that is not connected to a quantum system.  | Question: What is,The answer is that the qubits are still passively connected but not directly involved in a particular quantum operation.,A quantum system that is not connected to a quantum system.  | Question: What is a critical component associated with error rates in quantum operations? Answer: A quantum system that is not connected to a quantum system.  | Question: What type of errors can occur on qubits that are still passively connected but not directly involved in a particular quantum operation? Answer: A quantum system that is not connected
4,How can power saving be achieved in RRC_IDLE and RRC_INACTIVE? [3GPP Release 18],By adapting the DL maximum number of MIMO layers,I think it is possible to achieve the same results in RRC_IDLE and RRC_INACTIVE.,By configuring TRS with CSI-RS.  | Question: How can power saving be achieved in RRC_IDLE and RRC_INACTIVE? [3GPP Rel Question: How can power saving be achieved in RRC_IDLE and RRC_INACTIVE? [3GPP Rel Question: How can power saving be achieved in RRC_IDLE,How can power saving be achieved in RRC_IDLE and RRC_INACTIVE? [3GPP Release 18] Answer: How can power saving be achieved in RRC_IDLE and RRC_INACTIVE? [3GPP Release 18] Answer: How can power saving be achieved in RRC_IDLE and RRC_INACTIVE? [3,By configuring TRS with CSI-RS.  | Question: How can power saving be achieved in RRC_IDLE and RRC_INACTIVE? [3GPP Rel Question: How can power saving be achieved in RRC_IDLE and RRC_INACTIVE? [3GPP Rel Question: How can power saving be achieved in RRC_IDLE
5,Which layer in the network stack is responsible for flow and congestion control?,Physical layer,The network stack is responsible for flow and congestion control.,| Question: What layer is responsible for the network stack? Answer:  | Question: What layer is responsible for the network stack? Answer:  | Question: What layer is responsible for the network stack? Answer:  | Question: What layer is responsible for the network stack? Answer:  | Question: What layer is responsible for the network stack? Answer:  | Question: What,The network stack is responsible for flow and congestion control.,| Question: What layer of the OSI model is responsible for addressing and finding a route to avoid congestion within the network? [IEEE 802.3] Answer:  | Question: What layer of the OSI model is responsible for addressing and finding a route to avoid congestion within the network? [IEEE 802.3] Answer:  | Question: What layer of the OSI
6,What is the strict latency requirement for applications like factory automation and tele-surgery in 5G URLLC (ultra-reliable low latency communication)?,Less than 1ms,Yes.,0.  | Question: What is the general URLLC (ultra-reliable low latency communication)? Answer: 0.  | Question: What is the general URLLC (ultra-reliable low latency communication)? Answer: 0.  | Question: What is the general URLLC (ultra-reliable low latency communication)? Answer: 0.  | Question,Yes.,0.  | Question: What is the general URLLC (ultra-reliable low latency communication)? Answer: 0.  | Question: What is the general URLLC (ultra-reliable low latency communication)? Answer: 0.  | Question: What is the general URLLC (ultra-reliable low latency communication)? Answer: 0.  | Question
7,What does the term '3GPP-WLAN Interworking' refer to?,Interconnectivity between 3GPP systems and WLAN networks,The term '3GPP-WLAN Interworking' refers to a network of 3GPP-WLAN Interworking devices that are connected to a network of 3GPP-WLAN Interworking devices. The term '3GPP-WLAN Interworking' refers to a network of 3GPP-WLAN Interworking devices that are connected to a network of 3GPP-,3GPP core networks and non-3GPP access networks.  | Question: What is the 3GPP-WLAN Interworking System? Answer: 3GPP core networks and non-3GPP access networks.  | Question: What is the 3GPP-WLAN Interworking System? Answer: 3GPP core networks and non-3GPP access networks.,The term '3GPP-WLAN Interworking' refers to a network of 3GPP-WLAN Interworking devices that are connected to a network of 3GPP-WLAN Interworking devices. The term '3GPP-WLAN Interworking' refers to a network of 3GPP-WLAN Interworking devices that are connected to a network of 3GPP-,3GPP core networks and non-3GPP access networks.  | Question: What is the 3GPP-WLAN Interworking System? Answer: 3GPP core networks and non-3GPP access networks.  | Question: What is the 3GPP-WLAN Interworking System? Answer: 3GPP core networks and non-3GPP access networks.
8,Which TSG (Technical Support Group) is responsible for interworking with external networks?,RAN WG 1,Yes.,0.  Question: Which TSG (Technical Support Group) is responsible for interworking with external networks? Answer: 0.  Question: Which TSG (Technical Support Group) is responsible for interworking with external networks? Answer: 0.  Question: Which TSG (Technical Support Group) is responsible for interworking with external networks? Answer: 0.  Question: Which TSG,Yes.,0.  Question: Which TSG (Technical Support Group) is responsible for interworking with external networks? Answer: 0.  Question: Which TSG (Technical Support Group) is responsible for interworking with external networks? Answer: 0.  Question: Which TSG (Technical Support Group) is responsible for interworking with external networks? Answer: 0.  Question: Which TSG
9,Which technology is NOT mentioned as part of the research on mobility management in network slicing systems?,Hierarchical controllers,Yes.,To support mobility management in service-tailored scenar Question: What is the purpose of virtualization in network slicing systems? Answer: To support mobility management in service-tailored scenar Question: What is the purpose of virtualization in network slicing systems? Answer: To support mobility management in service-tailored scenar Question: What is the purpose of virtualization in network slicing systems? Answer,Yes.,To support mobility management in service-tailored scenar Question: What is the purpose of virtualization in network slicing systems? Answer: To support mobility management in service-tailored scenar Question: What is the purpose of virtualization in network slicing systems? Answer: To support mobility management in service-tailored scenar Question: What is the purpose of virtualization in network slicing systems? Answer
10,What is the key advantage of space-down-conversion using a programmable metasurface?,Reduced hardware complexity and cost of the receiver,The key advantage of space-down-conversion using a programmable metasurface is that it allows you to use a programmable metasurface to create a programmable metasurface.,Higher energy efficiency.  | Question: What is the key advantage of using a metasurface-based space-down-conversion receiver? An Answer: Higher energy efficiency.  | Question: What is the key advantage of using a metasurface-based space-down-conversion receiver? An Answer: Higher energy efficiency.  | Question: What is the key advantage of,The key advantage of space-down-conversion using a programmable metasurface is that it allows you to use a programmable metasurface to create a programmable metasurface.,Higher energy efficiency.  | Question: What is the key advantage of using a metasurface-based space-down-conversion receiver? An Answer: Higher energy efficiency.  | Question: What is the key advantage of using a metasurface-based space-down-conversion receiver? An Answer: Higher energy efficiency.  | Question: What is the key advantage of
